Timestamp,User Count,Type,Name,Requests/s,Failures/s,50%,66%,75%,80%,90%,95%,98%,99%,99.9%,99.99%,100%,Total Request Count,Total Failure Count,Total Median Response Time,Total Average Response Time,Total Min Response Time,Total Max Response Time,Total Average Content Size
1744078909,0,,Aggregated,0.000000,0.000000,N/A,N/A,N/A,N/A,N/A,N/A,N/A,N/A,N/A,N/A,N/A,0,0,0,0.0,0,0,0
1744078910,10,,Aggregated,0.000000,0.000000,N/A,N/A,N/A,N/A,N/A,N/A,N/A,N/A,N/A,N/A,N/A,0,0,0,0.0,0,0,0
1744078911,20,,Aggregated,0.000000,0.000000,N/A,N/A,N/A,N/A,N/A,N/A,N/A,N/A,N/A,N/A,N/A,0,0,0,0.0,0,0,0
1744078912,30,,Aggregated,0.000000,0.000000,N/A,N/A,N/A,N/A,N/A,N/A,N/A,N/A,N/A,N/A,N/A,0,0,0,0.0,0,0,0
1744078913,40,,Aggregated,0.000000,0.000000,N/A,N/A,N/A,N/A,N/A,N/A,N/A,N/A,N/A,N/A,N/A,0,0,0,0.0,0,0,0
1744078914,50,POST,/create_order,0.000000,0.000000,0,0,0,0,0,0,0,0,0,0,0,10,0,4700.0,4697.26601580187,4600.402167998254,4754.265816998668,67.0
1744078914,50,,Aggregated,0.000000,0.000000,4700,4700,4700,4800,4800,4800,4800,4800,4800,4800,4800,10,0,4700.0,4697.26601580187,4600.402167998254,4754.265816998668,67.0
1744078915,60,POST,/create_order,0.000000,0.000000,4700,4700,4700,4700,4800,4800,4800,4800,4800,4800,4800,20,0,4700.0,4670.397919650713,4563.098661994445,4754.265816998668,67.0
1744078915,60,,Aggregated,0.000000,0.000000,4700,4700,4700,4700,4800,4800,4800,4800,4800,4800,4800,20,0,4700.0,4670.397919650713,4563.098661994445,4754.265816998668,67.0
1744078916,70,POST,/create_order,0.600000,0.000000,4700,4700,4700,4700,4700,4800,4800,4800,4800,4800,4800,30,0,4700.0,4668.3658729341305,4563.098661994445,4754.265816998668,67.0
1744078916,70,,Aggregated,0.600000,0.000000,4700,4700,4700,4700,4700,4800,4800,4800,4800,4800,4800,30,0,4700.0,4668.3658729341305,4563.098661994445,4754.265816998668,67.0
1744078917,80,POST,/create_order,2.666667,0.000000,4700,4700,4700,4700,4700,4800,4800,4800,4800,4800,4800,40,0,4700.0,4663.152155074931,4563.098661994445,4754.265816998668,67.0
1744078917,80,,Aggregated,2.666667,0.000000,4700,4700,4700,4700,4700,4800,4800,4800,4800,4800,4800,40,0,4700.0,4663.152155074931,4563.098661994445,4754.265816998668,67.0
1744078918,90,POST,/create_order,3.571429,0.000000,4700,4700,4700,4700,4900,5000,5000,5000,5000,5000,5000,45,0,4700.0,4695.434935888625,4563.098661994445,4992.738314991584,67.0
1744078918,90,,Aggregated,3.571429,0.000000,4700,4700,4700,4700,4900,5000,5000,5000,5000,5000,5000,45,0,4700.0,4695.434935888625,4563.098661994445,4992.738314991584,67.0
1744078919,100,POST,/create_order,4.375000,0.000000,4700,4800,5000,5100,5200,5200,5200,5300,5300,5300,5300,57,0,4700.0,4794.687688280726,4563.098661994445,5269.1471010039095,67.0
1744078919,100,,Aggregated,4.375000,0.000000,4700,4700,5000,5100,5200,5200,5200,5300,5300,5300,5300,57,0,4700.0,4794.687688280726,4563.098661994445,5269.1471010039095,67.0
1744078920,110,POST,/create_order,4.444444,0.000000,4700,5000,5100,5200,5300,5900,5900,6000,6000,6000,6000,65,0,4700.0,4904.916589261624,4563.098661994445,5967.16127700347,67.0
1744078920,110,,Aggregated,4.444444,0.000000,4700,5000,5100,5200,5300,5900,5900,6000,6000,6000,6000,65,0,4700.0,4904.916589261624,4563.098661994445,5967.16127700347,67.0
1744078919,120,POST,/create_order,4.375000,0.000000,4900,5200,5300,5900,6100,6300,6400,6400,6400,6400,6400,77,0,4800.0,5108.8414380779295,4563.098661994445,6360.424785001669,67.0
1744078919,120,,Aggregated,4.375000,0.000000,4800,5200,5300,5900,6100,6300,6400,6400,6400,6400,6400,77,0,4800.0,5108.8414380779295,4563.098661994445,6360.424785001669,67.0
1744078920,130,POST,/create_order,4.375000,0.000000,5000,5200,5900,6000,6300,6400,6400,6400,6400,6400,6400,80,0,4800.0,5156.786890712647,4563.098661994445,6395.986724004615,67.0
1744078920,130,,Aggregated,4.375000,0.000000,4900,5200,5900,6000,6300,6400,6400,6400,6400,6400,6400,80,0,4800.0,5156.786890712647,4563.098661994445,6395.986724004615,67.0
1744078921,140,POST,/create_order,5.400000,0.000000,5100,5900,6100,6300,7300,7400,7400,7400,7400,7400,7400,90,0,5000.0,5399.35423331125,4563.098661994445,7423.832507003681,67.0
1744078921,140,,Aggregated,5.400000,0.000000,5100,5300,6100,6300,7300,7400,7400,7400,7400,7400,7400,90,0,5000.0,5399.35423331125,4563.098661994445,7423.832507003681,67.0
1744078922,150,POST,/create_order,5.400000,0.000000,5200,6100,6400,7200,7500,7600,7600,7600,7600,7600,7600,100,0,5100.0,5617.614419490274,4563.098661994445,7619.093500004965,67.0
1744078922,150,,Aggregated,5.400000,0.000000,5200,6100,6400,7200,7500,7600,7600,7600,7600,7600,7600,100,0,5100.0,5617.614419490274,4563.098661994445,7619.093500004965,67.0
1744078923,160,POST,/create_order,7.400000,0.000000,5300,6300,7300,7400,7600,8300,8400,8400,8400,8400,8400,110,0,5200.0,5862.464901764047,4563.098661994445,8380.700695008272,67.0
1744078923,160,,Aggregated,7.400000,0.000000,5300,6300,7300,7400,7600,8300,8400,8400,8400,8400,8400,110,0,5200.0,5862.464901764047,4563.098661994445,8380.700695008272,67.0
1744078924,170,POST,/create_order,8.800000,0.000000,6100,7300,7600,7600,8400,8700,8700,8700,8700,8700,8700,120,0,5300.0,6094.487923491882,4563.098661994445,8712.543952991837,67.0
1744078924,170,,Aggregated,8.800000,0.000000,6100,7300,7600,7600,8400,8700,8700,8700,8700,8700,8700,120,0,5300.0,6094.487923491882,4563.098661994445,8712.543952991837,67.0
1744078925,180,POST,/create_order,11.000000,0.000000,6400,7600,8200,8400,8700,9400,9600,9600,9600,9600,9600,130,0,6000.0,6336.944828307829,4563.098661994445,9635.687497997424,67.0
1744078925,180,,Aggregated,11.000000,0.000000,6400,7600,8200,8400,8700,9400,9600,9600,9600,9600,9600,130,0,6000.0,6336.944828307829,4563.098661994445,9635.687497997424,67.0
1744078926,190,POST,/create_order,11.700000,0.000000,7400,8300,8700,8700,9400,9600,9600,9600,9600,9600,9600,140,0,6100.0,6561.707472721692,4563.098661994445,9635.687497997424,67.0
1744078926,190,,Aggregated,11.700000,0.000000,7400,8300,8700,8700,9400,9600,9600,9600,9600,9600,9600,140,0,6100.0,6561.707472721692,4563.098661994445,9635.687497997424,67.0
1744078927,200,POST,/create_order,10.400000,0.000000,7600,8600,8800,9400,9600,11000,12000,12000,12000,12000,12000,150,0,6300.0,6856.887295613512,4563.098661994445,11686.19175600179,67.0
1744078927,200,,Aggregated,10.400000,0.000000,7600,8600,8800,9400,9600,11000,12000,12000,12000,12000,12000,150,0,6300.0,6856.887295613512,4563.098661994445,11686.19175600179,67.0
1744078928,210,POST,/create_order,10.500000,0.000000,8700,9400,9600,11000,11000,11000,12000,12000,12000,12000,12000,160,0,6400.0,7093.267989987634,4563.098661994445,11686.19175600179,67.0
1744078928,210,,Aggregated,10.500000,0.000000,8700,9400,9600,11000,11000,11000,12000,12000,12000,12000,12000,160,0,6400.0,7093.267989987634,4563.098661994445,11686.19175600179,67.0
1744078929,220,POST,/create_order,10.500000,0.000000,8800,9600,11000,11000,12000,12000,12000,12000,12000,12000,12000,167,0,7300.0,7293.242085251478,4563.098661994445,11933.951854007319,67.0
1744078929,220,,Aggregated,10.500000,0.000000,8800,9600,11000,11000,12000,12000,12000,12000,12000,12000,12000,167,0,7300.0,7293.242085251478,4563.098661994445,11933.951854007319,67.0
1744078930,230,POST,/create_order,11.100000,0.000000,9600,11000,12000,12000,12000,12000,12000,12000,12000,12000,12000,180,0,7400.0,7624.037520149834,4563.098661994445,12046.538005000912,67.0
1744078930,230,,Aggregated,11.100000,0.000000,9600,11000,12000,12000,12000,12000,12000,12000,12000,12000,12000,180,0,7400.0,7624.037520149834,4563.098661994445,12046.538005000912,67.0
1744078931,240,POST,/create_order,10.600000,0.000000,11000,12000,12000,12000,13000,13000,13000,13000,13000,13000,13000,190,0,7600.0,7901.820975847119,4563.098661994445,12996.406377002131,67.0
1744078931,240,,Aggregated,10.600000,0.000000,11000,12000,12000,12000,13000,13000,13000,13000,13000,13000,13000,190,0,7600.0,7901.820975847119,4563.098661994445,12996.406377002131,67.0
1744078932,250,POST,/create_order,9.600000,0.000000,11000,12000,12000,12000,13000,13000,13000,13000,13000,13000,13000,197,0,7600.0,8077.386604187587,4563.098661994445,12996.406377002131,67.0
1744078932,250,,Aggregated,9.600000,0.000000,11000,12000,12000,12000,13000,13000,13000,13000,13000,13000,13000,197,0,7600.0,8077.386604187587,4563.098661994445,12996.406377002131,67.0
1744078933,260,POST,/create_order,9.200000,0.000000,11000,12000,12000,13000,13000,13000,13000,14000,14000,14000,14000,201,0,8200.0,8179.768676134079,4563.098661994445,13954.309544002172,67.0
1744078933,260,,Aggregated,9.200000,0.000000,11000,12000,12000,13000,13000,13000,13000,14000,14000,14000,14000,201,0,8200.0,8179.768676134079,4563.098661994445,13954.309544002172,67.0
1744078934,270,POST,/create_order,9.000000,0.000000,12000,13000,13000,13000,14000,14000,14000,14000,14000,14000,14000,211,0,8300.0,8464.666303668111,4563.098661994445,14365.53155600268,67.0
1744078934,270,,Aggregated,9.000000,0.000000,12000,13000,13000,13000,14000,14000,14000,14000,14000,14000,14000,211,0,8300.0,8464.666303668111,4563.098661994445,14365.53155600268,67.0
1744078935,280,POST,/create_order,9.000000,0.000000,12000,13000,13000,14000,14000,14000,15000,15000,15000,15000,15000,222,0,8600.0,8745.165209364834,4563.098661994445,15031.7850690044,67.0
1744078935,280,,Aggregated,9.000000,0.000000,12000,13000,13000,14000,14000,14000,15000,15000,15000,15000,15000,222,0,8600.0,8745.165209364834,4563.098661994445,15031.7850690044,67.0
1744078936,290,POST,/create_order,9.000000,0.000000,13000,14000,14000,14000,15000,15000,15000,15000,15000,15000,15000,231,0,8700.0,8992.388302818124,4563.098661994445,15324.039141996764,67.0
1744078936,290,,Aggregated,9.000000,0.000000,13000,14000,14000,14000,15000,15000,15000,15000,15000,15000,15000,231,0,8700.0,8992.388302818124,4563.098661994445,15324.039141996764,67.0
1744078937,300,POST,/create_order,9.000000,0.000000,13000,14000,14000,15000,15000,15000,15000,15000,15000,15000,15000,240,0,8700.0,9221.755595974899,4563.098661994445,15351.858809997793,67.0
1744078937,300,,Aggregated,9.000000,0.000000,13000,14000,14000,15000,15000,15000,15000,15000,15000,15000,15000,240,0,8700.0,9221.755595974899,4563.098661994445,15351.858809997793,67.0
1744078938,310,POST,/create_order,10.000000,0.000000,14000,14000,15000,15000,16000,16000,16000,17000,17000,17000,17000,250,0,9400.0,9507.145043039869,4563.098661994445,16513.748679994023,67.0
1744078938,310,,Aggregated,10.000000,0.000000,14000,14000,15000,15000,16000,16000,16000,17000,17000,17000,17000,250,0,9400.0,9507.145043039869,4563.098661994445,16513.748679994023,67.0
1744078939,320,POST,/create_order,10.000000,0.000000,14000,15000,15000,16000,16000,16000,17000,17000,17000,17000,17000,260,0,9400.0,9773.329687180652,4563.098661994445,16519.51415500662,67.0
1744078939,320,,Aggregated,10.000000,0.000000,14000,15000,15000,16000,16000,16000,17000,17000,17000,17000,17000,260,0,9400.0,9773.329687180652,4563.098661994445,16519.51415500662,67.0
1744078940,330,POST,/create_order,9.100000,0.000000,15000,15000,16000,16000,17000,17000,17000,17000,17000,17000,17000,270,0,9600.0,10050.10504489624,4563.098661994445,17346.630503001506,67.0
1744078940,330,,Aggregated,9.100000,0.000000,15000,15000,16000,16000,17000,17000,17000,17000,17000,17000,17000,270,0,9600.0,10050.10504489624,4563.098661994445,17346.630503001506,67.0
1744078941,340,POST,/create_order,9.400000,0.000000,15000,16000,17000,17000,17000,17000,18000,18000,18000,18000,18000,280,0,9600.0,10313.261628532144,4563.098661994445,17631.755699010682,67.0
1744078941,340,,Aggregated,9.400000,0.000000,15000,16000,17000,17000,17000,17000,18000,18000,18000,18000,18000,280,0,9600.0,10313.261628532144,4563.098661994445,17631.755699010682,67.0
1744078942,350,POST,/create_order,9.300000,0.000000,16000,17000,17000,17000,18000,19000,19000,19000,19000,19000,19000,290,0,11000.0,10597.773911155144,4563.098661994445,18698.114340004395,67.0
1744078942,350,,Aggregated,9.300000,0.000000,16000,17000,17000,17000,18000,19000,19000,19000,19000,19000,19000,290,0,11000.0,10597.773911155144,4563.098661994445,18698.114340004395,67.0
1744078943,360,POST,/create_order,9.200000,0.000000,16000,17000,18000,18000,19000,19000,19000,19000,19000,19000,19000,300,0,11000.0,10868.599424869946,4563.098661994445,18832.669962997898,67.0
1744078943,360,,Aggregated,9.200000,0.000000,16000,17000,18000,18000,19000,19000,19000,19000,19000,19000,19000,300,0,11000.0,10868.599424869946,4563.098661994445,18832.669962997898,67.0
1744078944,370,POST,/create_order,9.000000,0.000000,17000,18000,19000,19000,19000,19000,19000,19000,19000,19000,19000,310,0,11000.0,11138.804759654764,4563.098661994445,19374.883622993366,67.0
1744078944,370,,Aggregated,9.000000,0.000000,17000,18000,19000,19000,19000,19000,19000,19000,19000,19000,19000,310,0,11000.0,11138.804759654764,4563.098661994445,19374.883622993366,67.0
1744078945,380,POST,/create_order,9.000000,0.000000,17000,19000,19000,19000,20000,20000,20000,20000,20000,20000,20000,320,0,12000.0,11408.064123456137,4563.098661994445,19924.1705500026,67.0
1744078945,380,,Aggregated,9.000000,0.000000,17000,19000,19000,19000,20000,20000,20000,20000,20000,20000,20000,320,0,12000.0,11408.064123456137,4563.098661994445,19924.1705500026,67.0
1744078946,390,POST,/create_order,9.000000,0.000000,18000,19000,19000,19000,20000,20000,20000,21000,21000,21000,21000,324,0,12000.0,11519.682932530772,4563.098661994445,20519.75210600358,67.0
1744078946,390,,Aggregated,9.000000,0.000000,18000,19000,19000,19000,20000,20000,20000,21000,21000,21000,21000,324,0,12000.0,11519.682932530772,4563.098661994445,20519.75210600358,67.0
1744078947,400,POST,/create_order,9.000000,0.000000,19000,19000,20000,20000,21000,21000,21000,21000,21000,21000,21000,335,0,12000.0,11824.114946110441,4563.098661994445,20991.795731009915,67.0
1744078947,400,,Aggregated,9.000000,0.000000,19000,19000,20000,20000,21000,21000,21000,21000,21000,21000,21000,335,0,12000.0,11824.114946110441,4563.098661994445,20991.795731009915,67.0
1744078948,400,POST,/create_order,9.000000,0.000000,19000,20000,20000,21000,21000,21000,21000,21000,21000,21000,21000,344,0,12000.0,12070.421638191849,4563.098661994445,21447.947256994667,67.0
1744078948,400,,Aggregated,9.000000,0.000000,19000,20000,20000,21000,21000,21000,21000,21000,21000,21000,21000,344,0,12000.0,12070.421638191849,4563.098661994445,21447.947256994667,67.0
1744078949,400,POST,/create_order,9.000000,0.000000,19000,21000,21000,21000,22000,22000,22000,22000,22000,22000,22000,354,0,12000.0,12344.958358372905,4563.098661994445,22028.91241699399,67.0
1744078949,400,,Aggregated,9.000000,0.000000,19000,21000,21000,21000,22000,22000,22000,22000,22000,22000,22000,354,0,12000.0,12344.958358372905,4563.098661994445,22028.91241699399,67.0
1744078950,400,POST,/create_order,9.800000,0.000000,20000,21000,21000,21000,22000,22000,22000,23000,23000,23000,23000,361,0,13000.0,12536.030305257691,4563.098661994445,22664.953935003723,67.0
1744078950,400,,Aggregated,9.800000,0.000000,20000,21000,21000,21000,22000,22000,22000,23000,23000,23000,23000,361,0,13000.0,12536.030305257691,4563.098661994445,22664.953935003723,67.0
1744078949,400,POST,/create_order,9.000000,0.000000,20000,21000,21000,22000,22000,23000,23000,23000,23000,23000,23000,370,0,13000.0,12786.475161456803,4563.098661994445,22932.745944999624,67.0
1744078949,400,,Aggregated,9.000000,0.000000,20000,21000,21000,22000,22000,23000,23000,23000,23000,23000,23000,370,0,13000.0,12786.475161456803,4563.098661994445,22932.745944999624,67.0
1744078950,400,POST,/create_order,9.800000,0.000000,21000,21000,22000,22000,23000,23000,23000,23000,23000,23000,23000,380,0,13000.0,13064.226498623604,4563.098661994445,23411.04496999469,67.0
1744078950,400,,Aggregated,9.800000,0.000000,21000,21000,22000,22000,23000,23000,23000,23000,23000,23000,23000,380,0,13000.0,13064.226498623604,4563.098661994445,23411.04496999469,67.0
1744078951,400,POST,/create_order,9.600000,0.000000,21000,22000,23000,23000,23000,24000,24000,24000,24000,24000,24000,390,0,13000.0,13333.19400588191,4563.098661994445,23703.282101996592,67.0
1744078951,400,,Aggregated,9.600000,0.000000,21000,22000,23000,23000,23000,24000,24000,24000,24000,24000,24000,390,0,13000.0,13333.19400588191,4563.098661994445,23703.282101996592,67.0
1744078952,400,POST,/create_order,10.500000,0.000000,22000,23000,23000,23000,24000,24000,24000,24000,24000,24000,24000,400,0,13000.0,13607.843366749867,4563.098661994445,24490.991940998356,67.0
1744078952,400,,Aggregated,10.500000,0.000000,22000,23000,23000,23000,24000,24000,24000,24000,24000,24000,24000,400,0,13000.0,13607.843366749867,4563.098661994445,24490.991940998356,67.0
1744078953,400,POST,/create_order,10.800000,0.000000,22000,23000,23000,24000,24000,25000,25000,25000,25000,25000,25000,410,0,14000.0,13882.205184573042,4563.098661994445,25009.350231994176,67.0
1744078953,400,,Aggregated,10.800000,0.000000,22000,23000,23000,24000,24000,25000,25000,25000,25000,25000,25000,410,0,14000.0,13882.205184573042,4563.098661994445,25009.350231994176,67.0
1744078954,400,POST,/create_order,11.100000,0.000000,23000,23000,24000,24000,25000,26000,26000,26000,26000,26000,26000,420,0,14000.0,14161.922024121328,4563.098661994445,25701.182297998457,67.0
1744078954,400,,Aggregated,11.100000,0.000000,23000,23000,24000,24000,25000,26000,26000,26000,26000,26000,26000,420,0,14000.0,14161.922024121328,4563.098661994445,25701.182297998457,67.0
1744078955,400,POST,/create_order,11.000000,0.000000,23000,24000,25000,25000,26000,26000,26000,26000,26000,26000,26000,430,0,14000.0,14434.794585883597,4563.098661994445,26038.83938198851,67.0
1744078955,400,,Aggregated,11.000000,0.000000,23000,24000,25000,25000,26000,26000,26000,26000,26000,26000,26000,430,0,14000.0,14434.794585883597,4563.098661994445,26038.83938198851,67.0
1744078956,400,POST,/create_order,11.000000,0.000000,24000,25000,26000,26000,26000,27000,27000,27000,27000,27000,27000,440,0,14000.0,14711.469786154392,4563.098661994445,26769.288618001156,67.0
1744078956,400,,Aggregated,11.000000,0.000000,24000,25000,26000,26000,26000,27000,27000,27000,27000,27000,27000,440,0,14000.0,14711.469786154392,4563.098661994445,26769.288618001156,67.0
1744078957,400,POST,/create_order,11.000000,0.000000,24000,26000,26000,26000,27000,27000,27000,27000,27000,27000,27000,448,0,15000.0,14932.288640499812,4563.098661994445,27248.45953199838,67.0
1744078957,400,,Aggregated,11.000000,0.000000,24000,26000,26000,26000,27000,27000,27000,27000,27000,27000,27000,448,0,15000.0,14932.288640499812,4563.098661994445,27248.45953199838,67.0
1744078958,400,POST,/create_order,11.000000,0.000000,25000,26000,27000,27000,27000,28000,28000,28000,28000,28000,28000,460,0,15000.0,15268.126355823715,4563.098661994445,28013.28042600653,67.0
1744078958,400,,Aggregated,11.000000,0.000000,25000,26000,27000,27000,27000,28000,28000,28000,28000,28000,28000,460,0,15000.0,15268.126355823715,4563.098661994445,28013.28042600653,67.0
1744078959,400,POST,/create_order,11.000000,0.000000,26000,27000,27000,27000,28000,28000,28000,28000,28000,28000,28000,464,0,15000.0,15375.459106706729,4563.098661994445,28013.28042600653,67.0
1744078959,400,,Aggregated,11.000000,0.000000,26000,27000,27000,27000,28000,28000,28000,28000,28000,28000,28000,464,0,15000.0,15375.459106706729,4563.098661994445,28013.28042600653,67.0
1744078960,400,POST,/create_order,10.800000,0.000000,26000,27000,28000,28000,28000,29000,29000,29000,29000,29000,29000,476,0,15000.0,15707.719251800232,4563.098661994445,28856.60407099931,67.0
1744078960,400,,Aggregated,10.800000,0.000000,26000,27000,28000,28000,28000,29000,29000,29000,29000,29000,29000,476,0,15000.0,15707.719251800232,4563.098661994445,28856.60407099931,67.0
1744078961,400,POST,/create_order,11.000000,0.000000,27000,28000,28000,28000,29000,29000,29000,29000,29000,29000,29000,484,0,16000.0,15925.45311956594,4563.098661994445,29021.667185996193,67.0
1744078961,400,,Aggregated,11.000000,0.000000,27000,28000,28000,28000,29000,29000,29000,29000,29000,29000,29000,484,0,16000.0,15925.45311956594,4563.098661994445,29021.667185996193,67.0
1744078962,400,POST,/create_order,9.700000,0.000000,27000,28000,28000,29000,29000,29000,29000,30000,30000,30000,30000,491,0,16000.0,16117.497406289009,4563.098661994445,30015.988642000593,67.0
1744078962,400,,Aggregated,9.700000,0.000000,27000,28000,28000,29000,29000,29000,29000,30000,30000,30000,30000,491,0,16000.0,16117.497406289009,4563.098661994445,30015.988642000593,67.0
1744078963,400,POST,/create_order,10.000000,0.000000,28000,29000,29000,29000,30000,30000,30000,30000,30000,30000,30000,502,10,16000.0,16423.952584848463,4563.098661994445,30164.204653003253,65.66533864541833
1744078963,400,,Aggregated,10.000000,0.000000,28000,29000,29000,29000,30000,30000,30000,30000,30000,30000,30000,502,10,16000.0,16423.952584848463,4563.098661994445,30164.204653003253,65.66533864541833
1744078964,400,POST,/create_order,9.300000,0.000000,29000,29000,30000,30000,30000,30000,30000,30000,30000,30000,30000,526,34,17000.0,17046.26457002456,4563.098661994445,30164.204653003253,62.669201520912544
1744078964,400,,Aggregated,9.300000,0.000000,29000,29000,30000,30000,30000,30000,30000,30000,30000,30000,30000,526,34,17000.0,17046.26457002456,4563.098661994445,30164.204653003253,62.669201520912544
1744078965,400,POST,/create_order,9.100000,0.000000,29000,30000,30000,30000,30000,30000,30000,30000,30000,30000,30000,540,48,17000.0,17384.85348320359,4563.098661994445,30164.204653003253,61.044444444444444
1744078965,400,,Aggregated,9.100000,0.000000,29000,30000,30000,30000,30000,30000,30000,30000,30000,30000,30000,540,48,17000.0,17384.85348320359,4563.098661994445,30164.204653003253,61.044444444444444
1744078966,400,POST,/create_order,9.400000,1.200000,30000,30000,30000,30000,30000,30000,30000,30000,30000,30000,30000,560,68,18000.0,17838.223262864107,4563.098661994445,30164.204653003253,58.864285714285714
1744078966,400,,Aggregated,9.400000,1.200000,30000,30000,30000,30000,30000,30000,30000,30000,30000,30000,30000,560,68,18000.0,17838.223262864107,4563.098661994445,30164.204653003253,58.864285714285714
1744078967,400,POST,/create_order,10.600000,3.400000,30000,30000,30000,30000,30000,30000,30000,30000,30000,30000,30000,580,88,19000.0,18260.211513699796,4563.098661994445,30164.204653003253,56.83448275862069
1744078967,400,,Aggregated,10.600000,3.400000,30000,30000,30000,30000,30000,30000,30000,30000,30000,30000,30000,580,88,19000.0,18260.211513699796,4563.098661994445,30164.204653003253,56.83448275862069
1744078968,400,POST,/create_order,11.000000,4.800000,30000,30000,30000,30000,30000,30000,30000,30000,30000,30000,30000,600,108,19000.0,18654.024988866437,4563.098661994445,30164.204653003253,54.94
1744078968,400,,Aggregated,11.000000,4.800000,30000,30000,30000,30000,30000,30000,30000,30000,30000,30000,30000,600,108,19000.0,18654.024988866437,4563.098661994445,30164.204653003253,54.94
1744078969,400,POST,/create_order,12.000000,6.800000,30000,30000,30000,30000,30000,30000,30000,30000,30000,30000,30000,620,128,19000.0,19022.48176987723,4563.098661994445,30164.204653003253,53.16774193548387
1744078969,400,,Aggregated,12.000000,6.800000,30000,30000,30000,30000,30000,30000,30000,30000,30000,30000,30000,620,128,19000.0,19022.48176987723,4563.098661994445,30164.204653003253,53.16774193548387
1744078970,400,POST,/create_order,13.200000,8.800000,30000,30000,30000,30000,30000,30000,30000,30000,30000,30000,30000,640,148,20000.0,19367.973241781092,4563.098661994445,30164.204653003253,51.50625
1744078970,400,,Aggregated,13.200000,8.800000,30000,30000,30000,30000,30000,30000,30000,30000,30000,30000,30000,640,148,20000.0,19367.973241781092,4563.098661994445,30164.204653003253,51.50625
1744078971,400,POST,/create_order,14.000000,10.800000,30000,30000,30000,30000,30000,30000,30000,30000,30000,30000,30000,660,168,21000.0,19692.45387089225,4563.098661994445,30164.204653003253,49.945454545454545
1744078971,400,,Aggregated,14.000000,10.800000,30000,30000,30000,30000,30000,30000,30000,30000,30000,30000,30000,660,168,21000.0,19692.45387089225,4563.098661994445,30164.204653003253,49.945454545454545
1744078972,400,POST,/create_order,15.500000,12.800000,30000,30000,30000,30000,30000,30000,30000,30000,30000,30000,30000,680,188,21000.0,19997.83913905574,4563.098661994445,30164.204653003253,48.476470588235294
1744078972,400,,Aggregated,15.500000,12.800000,30000,30000,30000,30000,30000,30000,30000,30000,30000,30000,30000,680,188,21000.0,19997.83913905574,4563.098661994445,30164.204653003253,48.476470588235294
1744078973,400,POST,/create_order,16.000000,14.800000,30000,30000,30000,30000,30000,30000,30000,30000,30000,30000,30000,700,208,22000.0,20285.90130692849,4563.098661994445,30164.204653003253,47.09142857142857
1744078973,400,,Aggregated,16.000000,14.800000,30000,30000,30000,30000,30000,30000,30000,30000,30000,30000,30000,700,208,22000.0,20285.90130692849,4563.098661994445,30164.204653003253,47.09142857142857
1744078974,400,POST,/create_order,17.600000,16.800000,30000,30000,30000,30000,30000,30000,30000,30000,30000,30000,30000,715,223,22000.0,20491.870872271258,4563.098661994445,30164.204653003253,46.1034965034965
1744078974,400,,Aggregated,17.600000,16.800000,30000,30000,30000,30000,30000,30000,30000,30000,30000,30000,30000,715,223,22000.0,20491.870872271258,4563.098661994445,30164.204653003253,46.1034965034965
1744078975,400,POST,/create_order,18.900000,18.800000,30000,30000,30000,30000,30000,30000,30000,30000,30000,30000,30000,738,246,23000.0,20790.28767128037,4563.098661994445,30164.204653003253,44.666666666666664
1744078975,400,,Aggregated,18.900000,18.800000,30000,30000,30000,30000,30000,30000,30000,30000,30000,30000,30000,738,246,23000.0,20790.28767128037,4563.098661994445,30164.204653003253,44.666666666666664
1744078976,400,POST,/create_order,19.600000,19.600000,30000,30000,30000,30000,30000,30000,30000,30000,30000,30000,30000,744,252,23000.0,20864.577457303618,4563.098661994445,30164.204653003253,44.306451612903224
1744078976,400,,Aggregated,19.600000,19.600000,30000,30000,30000,30000,30000,30000,30000,30000,30000,30000,30000,744,252,23000.0,20864.577457303618,4563.098661994445,30164.204653003253,44.306451612903224
1744078977,400,POST,/create_order,19.100000,19.100000,30000,30000,30000,30000,30000,30000,30000,30000,30000,30000,30000,758,266,23000.0,21033.348908497162,4563.098661994445,30164.204653003253,43.48812664907652
1744078977,400,,Aggregated,19.100000,19.100000,30000,30000,30000,30000,30000,30000,30000,30000,30000,30000,30000,758,266,23000.0,21033.348908497162,4563.098661994445,30164.204653003253,43.48812664907652
1744078978,400,POST,/create_order,20.000000,20.000000,30000,30000,30000,30000,30000,30000,30000,30000,30000,30000,30000,761,269,23000.0,21068.704645076028,4563.098661994445,30164.204653003253,43.31668856767411
1744078978,400,,Aggregated,20.000000,20.000000,30000,30000,30000,30000,30000,30000,30000,30000,30000,30000,30000,761,269,23000.0,21068.704645076028,4563.098661994445,30164.204653003253,43.31668856767411
1744078979,400,POST,/create_order,18.400000,18.400000,30000,30000,30000,30000,30000,30000,30000,30000,30000,30000,30000,770,278,24000.0,21173.12316446216,4563.098661994445,30164.204653003253,42.81038961038961
1744078979,400,,Aggregated,18.400000,18.400000,30000,30000,30000,30000,30000,30000,30000,30000,30000,30000,30000,770,278,24000.0,21173.12316446216,4563.098661994445,30164.204653003253,42.81038961038961
1744078980,400,POST,/create_order,17.800000,17.800000,30000,30000,30000,30000,30000,30000,30000,30000,30000,30000,30000,780,288,24000.0,21286.31952713317,4563.098661994445,30164.204653003253,42.261538461538464
1744078980,400,,Aggregated,17.800000,17.800000,30000,30000,30000,30000,30000,30000,30000,30000,30000,30000,30000,780,288,24000.0,21286.31952713317,4563.098661994445,30164.204653003253,42.261538461538464
1744078980,400,POST,/create_order,17.800000,17.800000,30000,30000,30000,30000,30000,30000,30000,30000,30000,30000,30000,791,299,24000.0,21407.522134348794,4563.098661994445,30164.204653003253,41.67383059418458
1744078980,400,,Aggregated,17.800000,17.800000,30000,30000,30000,30000,30000,30000,30000,30000,30000,30000,30000,791,299,24000.0,21407.522134348794,4563.098661994445,30164.204653003253,41.67383059418458
1744078981,400,POST,/create_order,17.800000,17.800000,30000,30000,30000,30000,30000,30000,30000,30000,30000,30000,30000,800,308,24000.0,21504.211463806107,4563.098661994445,30164.204653003253,41.205
1744078981,400,,Aggregated,17.800000,17.800000,30000,30000,30000,30000,30000,30000,30000,30000,30000,30000,30000,800,308,24000.0,21504.211463806107,4563.098661994445,30164.204653003253,41.205
1744078982,400,POST,/create_order,16.100000,16.100000,30000,30000,30000,30000,30000,30000,30000,30000,30000,30000,30000,810,318,25000.0,21609.129351693686,4563.098661994445,30164.204653003253,40.696296296296296
1744078982,400,,Aggregated,16.100000,16.100000,30000,30000,30000,30000,30000,30000,30000,30000,30000,30000,30000,810,318,25000.0,21609.129351693686,4563.098661994445,30164.204653003253,40.696296296296296
1744078983,400,POST,/create_order,15.700000,15.700000,30000,30000,30000,30000,30000,30000,30000,30000,30000,30000,30000,820,328,25000.0,21711.484390451078,4563.098661994445,30164.204653003253,40.2
1744078983,400,,Aggregated,15.700000,15.700000,30000,30000,30000,30000,30000,30000,30000,30000,30000,30000,30000,820,328,25000.0,21711.484390451078,4563.098661994445,30164.204653003253,40.2
1744078984,400,POST,/create_order,15.000000,15.000000,30000,30000,30000,30000,30000,30000,30000,30000,30000,30000,30000,830,338,26000.0,21811.38480917458,4563.098661994445,30164.204653003253,39.71566265060241
1744078984,400,,Aggregated,15.000000,15.000000,30000,30000,30000,30000,30000,30000,30000,30000,30000,30000,30000,830,338,26000.0,21811.38480917458,4563.098661994445,30164.204653003253,39.71566265060241
1744078985,400,POST,/create_order,15.000000,15.000000,30000,30000,30000,30000,30000,30000,30000,30000,30000,30000,30000,840,348,26000.0,21908.90104288679,4563.098661994445,30164.204653003253,39.24285714285714
1744078985,400,,Aggregated,15.000000,15.000000,30000,30000,30000,30000,30000,30000,30000,30000,30000,30000,30000,840,348,26000.0,21908.90104288679,4563.098661994445,30164.204653003253,39.24285714285714
1744078986,400,POST,/create_order,12.500000,12.500000,30000,30000,30000,30000,30000,30000,30000,30000,30000,30000,30000,848,356,26000.0,21985.25736064965,4563.098661994445,30164.204653003253,38.87264150943396
1744078986,400,,Aggregated,12.500000,12.500000,30000,30000,30000,30000,30000,30000,30000,30000,30000,30000,30000,848,356,26000.0,21985.25736064965,4563.098661994445,30164.204653003253,38.87264150943396
1744078987,400,POST,/create_order,12.300000,12.300000,30000,30000,30000,30000,30000,30000,30000,30000,30000,30000,30000,860,368,26000.0,22097.122717635986,4563.098661994445,30164.204653003253,38.330232558139535
1744078987,400,,Aggregated,12.300000,12.300000,30000,30000,30000,30000,30000,30000,30000,30000,30000,30000,30000,860,368,26000.0,22097.122717635986,4563.098661994445,30164.204653003253,38.330232558139535
1744078988,400,POST,/create_order,10.400000,10.400000,30000,30000,30000,30000,30000,30000,30000,30000,30000,30000,30000,865,373,27000.0,22142.819638024226,4563.098661994445,30164.204653003253,38.108670520231215
1744078988,400,,Aggregated,10.400000,10.400000,30000,30000,30000,30000,30000,30000,30000,30000,30000,30000,30000,865,373,27000.0,22142.819638024226,4563.098661994445,30164.204653003253,38.108670520231215
1744078989,400,POST,/create_order,10.800000,10.800000,30000,30000,30000,30000,30000,30000,30000,30000,30000,30000,30000,880,388,27000.0,22276.789591431756,4563.098661994445,30164.204653003253,37.45909090909091
1744078989,400,,Aggregated,10.800000,10.800000,30000,30000,30000,30000,30000,30000,30000,30000,30000,30000,30000,880,388,27000.0,22276.789591431756,4563.098661994445,30164.204653003253,37.45909090909091
1744078990,400,POST,/create_order,10.600000,10.600000,30000,30000,30000,30000,30000,30000,30000,30000,30000,30000,30000,884,392,27000.0,22311.749681325753,4563.098661994445,30164.204653003253,37.289592760180994
1744078990,400,,Aggregated,10.600000,10.600000,30000,30000,30000,30000,30000,30000,30000,30000,30000,30000,30000,884,392,27000.0,22311.749681325753,4563.098661994445,30164.204653003253,37.289592760180994
1744078991,400,POST,/create_order,11.300000,11.300000,30000,30000,30000,30000,30000,30000,30000,30000,30000,30000,30000,891,399,27000.0,22372.17151118176,4563.098661994445,30164.204653003253,36.996632996633
1744078991,400,,Aggregated,11.300000,11.300000,30000,30000,30000,30000,30000,30000,30000,30000,30000,30000,30000,891,399,27000.0,22372.17151118176,4563.098661994445,30164.204653003253,36.996632996633
1744078992,400,POST,/create_order,10.400000,10.400000,30000,30000,30000,30000,30000,30000,30000,30000,30000,30000,30000,902,410,28000.0,22466.82550424163,4563.098661994445,30164.204653003253,36.54545454545455
1744078992,400,,Aggregated,10.400000,10.400000,30000,30000,30000,30000,30000,30000,30000,30000,30000,30000,30000,902,410,28000.0,22466.82550424163,4563.098661994445,30164.204653003253,36.54545454545455
1744078993,400,POST,/create_order,9.400000,9.400000,30000,30000,30000,30000,30000,30000,30000,30000,30000,30000,30000,921,429,28000.0,22625.26546152328,4563.098661994445,30164.204653003253,35.79153094462541
1744078993,400,,Aggregated,9.400000,9.400000,30000,30000,30000,30000,30000,30000,30000,30000,30000,30000,30000,921,429,28000.0,22625.26546152328,4563.098661994445,30164.204653003253,35.79153094462541
1744078994,400,POST,/create_order,9.400000,9.400000,30000,30000,30000,30000,30000,30000,30000,30000,30000,30000,30000,940,448,28000.0,22777.316464673346,4563.098661994445,30164.204653003253,35.06808510638298
1744078994,400,,Aggregated,9.400000,9.400000,30000,30000,30000,30000,30000,30000,30000,30000,30000,30000,30000,940,448,28000.0,22777.316464673346,4563.098661994445,30164.204653003253,35.06808510638298
1744078995,400,POST,/create_order,9.000000,9.000000,30000,30000,30000,30000,30000,30000,30000,30000,30000,30000,30000,960,468,29000.0,22930.821101227026,4563.098661994445,30164.204653003253,34.3375
1744078995,400,,Aggregated,9.000000,9.000000,30000,30000,30000,30000,30000,30000,30000,30000,30000,30000,30000,960,468,29000.0,22930.821101227026,4563.098661994445,30164.204653003253,34.3375
1744078996,400,POST,/create_order,10.000000,10.000000,30000,30000,30000,30000,30000,30000,30000,30000,30000,30000,30000,980,488,29000.0,23078.091087233603,4563.098661994445,30164.204653003253,33.63673469387755
1744078996,400,,Aggregated,10.000000,10.000000,30000,30000,30000,30000,30000,30000,30000,30000,30000,30000,30000,980,488,29000.0,23078.091087233603,4563.098661994445,30164.204653003253,33.63673469387755
1744078997,400,POST,/create_order,11.500000,11.500000,30000,30000,30000,30000,30000,30000,30000,30000,30000,30000,30000,991,499,30000.0,23156.524840790007,4563.098661994445,30164.204653003253,33.26337033299697
1744078997,400,,Aggregated,11.500000,11.500000,30000,30000,30000,30000,30000,30000,30000,30000,30000,30000,30000,991,499,30000.0,23156.524840790007,4563.098661994445,30164.204653003253,33.26337033299697
1744078998,400,POST,/create_order,12.000000,12.000000,30000,30000,30000,30000,30000,31000,31000,31000,31000,31000,31000,1020,528,30000.0,23364.576906901886,4563.098661994445,31210.35017700342,32.31764705882353
1744078998,400,,Aggregated,12.000000,12.000000,30000,30000,30000,30000,30000,31000,31000,31000,31000,31000,31000,1020,528,30000.0,23364.576906901886,4563.098661994445,31210.35017700342,32.31764705882353
1744078999,400,POST,/create_order,13.900000,13.900000,30000,30000,30000,30000,30000,31000,31000,31000,31000,31000,31000,1040,548,30000.0,23495.020934004748,4563.098661994445,31210.35017700342,31.696153846153845
1744078999,400,,Aggregated,13.900000,13.900000,30000,30000,30000,30000,30000,31000,31000,31000,31000,31000,31000,1040,548,30000.0,23495.020934004748,4563.098661994445,31210.35017700342,31.696153846153845
1744079000,400,POST,/create_order,15.600000,15.600000,30000,30000,30000,30000,30000,31000,31000,31000,31000,31000,31000,1060,568,30000.0,23620.592404145187,4563.098661994445,31210.35017700342,31.09811320754717
1744079000,400,,Aggregated,15.600000,15.600000,30000,30000,30000,30000,30000,31000,31000,31000,31000,31000,31000,1060,568,30000.0,23620.592404145187,4563.098661994445,31210.35017700342,31.09811320754717
1744079001,400,POST,/create_order,16.200000,16.200000,30000,30000,30000,30000,30000,31000,31000,31000,31000,31000,31000,1080,588,30000.0,23741.492959108222,4563.098661994445,31210.35017700342,30.522222222222222
1744079001,400,,Aggregated,16.200000,16.200000,30000,30000,30000,30000,30000,31000,31000,31000,31000,31000,31000,1080,588,30000.0,23741.492959108222,4563.098661994445,31210.35017700342,30.522222222222222
1744079002,400,POST,/create_order,17.600000,17.600000,30000,30000,30000,30000,30000,31000,31000,31000,31000,31000,31000,1100,608,30000.0,23857.9177662045,4563.098661994445,31210.35017700342,29.96727272727273
1744079002,400,,Aggregated,17.600000,17.600000,30000,30000,30000,30000,30000,31000,31000,31000,31000,31000,31000,1100,608,30000.0,23857.9177662045,4563.098661994445,31210.35017700342,29.96727272727273
1744079003,400,POST,/create_order,18.400000,18.400000,30000,30000,30000,30000,30000,31000,31000,31000,31000,31000,31000,1114,622,30000.0,23936.95718991826,4563.098661994445,31210.35017700342,29.590664272890486
1744079003,400,,Aggregated,18.400000,18.400000,30000,30000,30000,30000,30000,31000,31000,31000,31000,31000,31000,1114,622,30000.0,23936.95718991826,4563.098661994445,31210.35017700342,29.590664272890486
1744079004,400,POST,/create_order,19.700000,19.700000,30000,30000,30000,30000,30000,31000,31000,31000,31000,31000,31000,1135,643,30000.0,24051.91390205549,4563.098661994445,31210.35017700342,29.0431718061674
1744079004,400,,Aggregated,19.700000,19.700000,30000,30000,30000,30000,30000,31000,31000,31000,31000,31000,31000,1135,643,30000.0,24051.91390205549,4563.098661994445,31210.35017700342,29.0431718061674
1744079005,400,POST,/create_order,19.100000,19.100000,30000,30000,30000,30000,30000,31000,31000,31000,31000,31000,31000,1144,652,30000.0,24099.915911200154,4563.098661994445,31210.35017700342,28.814685314685313
1744079005,400,,Aggregated,19.100000,19.100000,30000,30000,30000,30000,30000,31000,31000,31000,31000,31000,31000,1144,652,30000.0,24099.915911200154,4563.098661994445,31210.35017700342,28.814685314685313
1744079006,400,POST,/create_order,19.000000,19.000000,30000,30000,30000,30000,30000,31000,31000,31000,31000,31000,31000,1155,663,30000.0,24157.472605234627,4563.098661994445,31210.35017700342,28.54025974025974
1744079006,400,,Aggregated,19.000000,19.000000,30000,30000,30000,30000,30000,31000,31000,31000,31000,31000,31000,1155,663,30000.0,24157.472605234627,4563.098661994445,31210.35017700342,28.54025974025974
1744079007,400,POST,/create_order,18.000000,18.000000,30000,30000,30000,30000,30000,30000,30000,30000,30000,30000,30000,1161,669,30000.0,24188.41509201121,4563.098661994445,31210.35017700342,28.392764857881136
1744079007,400,,Aggregated,18.000000,18.000000,30000,30000,30000,30000,30000,30000,30000,30000,30000,30000,30000,1161,669,30000.0,24188.41509201121,4563.098661994445,31210.35017700342,28.392764857881136
1744079008,400,POST,/create_order,18.000000,18.000000,30000,30000,30000,30000,30000,30000,30000,30000,30000,30000,30000,1170,678,30000.0,24234.226104782065,4563.098661994445,31210.35017700342,28.174358974358974
1744079008,400,,Aggregated,18.000000,18.000000,30000,30000,30000,30000,30000,30000,30000,30000,30000,30000,30000,1170,678,30000.0,24234.226104782065,4563.098661994445,31210.35017700342,28.174358974358974
1744079009,400,POST,/create_order,17.000000,17.000000,30000,30000,30000,30000,30000,30000,30000,30000,30000,30000,30000,1180,688,30000.0,24284.326646554262,4563.098661994445,31210.35017700342,27.935593220338983
1744079009,400,,Aggregated,17.000000,17.000000,30000,30000,30000,30000,30000,30000,30000,30000,30000,30000,30000,1180,688,30000.0,24284.326646554262,4563.098661994445,31210.35017700342,27.935593220338983
1744079010,400,POST,/create_order,16.900000,16.900000,30000,30000,30000,30000,30000,30000,30000,30000,30000,30000,30000,1190,698,30000.0,24333.572535837815,4563.098661994445,31210.35017700342,27.700840336134455
1744079010,400,,Aggregated,16.900000,16.900000,30000,30000,30000,30000,30000,30000,30000,30000,30000,30000,30000,1190,698,30000.0,24333.572535837815,4563.098661994445,31210.35017700342,27.700840336134455
1744079011,400,POST,/create_order,15.000000,15.000000,30000,30000,30000,30000,30000,30000,30000,30000,30000,30000,30000,1200,708,30000.0,24381.99206225167,4563.098661994445,31210.35017700342,27.47
1744079011,400,,Aggregated,15.000000,15.000000,30000,30000,30000,30000,30000,30000,30000,30000,30000,30000,30000,1200,708,30000.0,24381.99206225167,4563.098661994445,31210.35017700342,27.47
1744079010,400,POST,/create_order,15.000000,15.000000,30000,30000,30000,30000,30000,30000,30000,30000,30000,30000,30000,1210,718,30000.0,24429.61355013223,4563.098661994445,31210.35017700342,27.242975206611572
1744079010,400,,Aggregated,15.000000,15.000000,30000,30000,30000,30000,30000,30000,30000,30000,30000,30000,30000,1210,718,30000.0,24429.61355013223,4563.098661994445,31210.35017700342,27.242975206611572
1744079011,400,POST,/create_order,14.400000,14.400000,30000,30000,30000,30000,30000,30000,30000,30000,30000,30000,30000,1220,728,30000.0,24476.434008599193,4563.098661994445,31210.35017700342,27.01967213114754
1744079011,400,,Aggregated,14.400000,14.400000,30000,30000,30000,30000,30000,30000,30000,30000,30000,30000,30000,1220,728,30000.0,24476.434008599193,4563.098661994445,31210.35017700342,27.01967213114754
1744079012,400,POST,/create_order,13.300000,13.300000,30000,30000,30000,30000,30000,30000,30000,30000,30000,30000,30000,1230,738,30000.0,24522.51782050652,4563.098661994445,31210.35017700342,26.8
1744079012,400,,Aggregated,13.300000,13.300000,30000,30000,30000,30000,30000,30000,30000,30000,30000,30000,30000,1230,738,30000.0,24522.51782050652,4563.098661994445,31210.35017700342,26.8
1744079013,400,POST,/create_order,13.300000,13.300000,30000,30000,30000,30000,30000,30000,30000,30000,30000,30000,30000,1240,748,30000.0,24567.855529170978,4563.098661994445,31210.35017700342,26.583870967741934
1744079013,400,,Aggregated,13.300000,13.300000,30000,30000,30000,30000,30000,30000,30000,30000,30000,30000,30000,1240,748,30000.0,24567.855529170978,4563.098661994445,31210.35017700342,26.583870967741934
1744079014,400,POST,/create_order,12.700000,12.700000,30000,30000,30000,30000,30000,30000,30000,30000,30000,30000,30000,1248,756,30000.0,24603.58534706812,4563.098661994445,31210.35017700342,26.41346153846154
1744079014,400,,Aggregated,12.700000,12.700000,30000,30000,30000,30000,30000,30000,30000,30000,30000,30000,30000,1248,756,30000.0,24603.58534706812,4563.098661994445,31210.35017700342,26.41346153846154
1744079015,400,POST,/create_order,12.100000,12.100000,30000,30000,30000,30000,30000,30000,30000,30000,30000,30000,30000,1260,768,30000.0,24656.35090120239,4563.098661994445,31210.35017700342,26.16190476190476
1744079015,400,,Aggregated,12.100000,12.100000,30000,30000,30000,30000,30000,30000,30000,30000,30000,30000,30000,1260,768,30000.0,24656.35090120239,4563.098661994445,31210.35017700342,26.16190476190476
1744079016,400,POST,/create_order,11.100000,11.100000,30000,30000,30000,30000,30000,30000,30000,30000,30000,30000,30000,1265,773,30000.0,24678.04153354703,4563.098661994445,31210.35017700342,26.058498023715416
1744079016,400,,Aggregated,11.100000,11.100000,30000,30000,30000,30000,30000,30000,30000,30000,30000,30000,30000,1265,773,30000.0,24678.04153354703,4563.098661994445,31210.35017700342,26.058498023715416
1744079017,400,POST,/create_order,11.000000,11.000000,30000,30000,30000,30000,30000,30000,30000,30000,30000,30000,30000,1277,785,30000.0,24729.38983289975,4563.098661994445,31210.35017700342,25.813625685199685
1744079017,400,,Aggregated,11.000000,11.000000,30000,30000,30000,30000,30000,30000,30000,30000,30000,30000,30000,1277,785,30000.0,24729.38983289975,4563.098661994445,31210.35017700342,25.813625685199685
1744079018,400,POST,/create_order,11.000000,11.000000,30000,30000,30000,30000,30000,30000,30000,30000,30000,30000,30000,1284,792,30000.0,24758.916182024124,4563.098661994445,31210.35017700342,25.672897196261683
1744079018,400,,Aggregated,11.000000,11.000000,30000,30000,30000,30000,30000,30000,30000,30000,30000,30000,30000,1284,792,30000.0,24758.916182024124,4563.098661994445,31210.35017700342,25.672897196261683
1744079019,400,POST,/create_order,11.000000,11.000000,30000,30000,30000,30000,30000,30000,30000,30000,30000,30000,30000,1291,799,30000.0,24788.114877628177,4563.098661994445,31210.35017700342,25.53369481022463
1744079019,400,,Aggregated,11.000000,11.000000,30000,30000,30000,30000,30000,30000,30000,30000,30000,30000,30000,1291,799,30000.0,24788.114877628177,4563.098661994445,31210.35017700342,25.53369481022463
1744079020,400,POST,/create_order,11.000000,11.000000,30000,30000,30000,30000,30000,30000,30000,30000,30000,30000,30000,1300,808,30000.0,24825.231128809966,4563.098661994445,31210.35017700342,25.356923076923078
1744079020,400,,Aggregated,11.000000,11.000000,30000,30000,30000,30000,30000,30000,30000,30000,30000,30000,30000,1300,808,30000.0,24825.231128809966,4563.098661994445,31210.35017700342,25.356923076923078
1744079021,400,POST,/create_order,11.000000,11.000000,30000,30000,30000,30000,30000,30000,30000,30000,30000,30000,30000,1321,829,30000.0,24909.896757594997,4563.098661994445,31210.35017700342,24.953822861468584
1744079021,400,,Aggregated,11.000000,11.000000,30000,30000,30000,30000,30000,30000,30000,30000,30000,30000,30000,1321,829,30000.0,24909.896757594997,4563.098661994445,31210.35017700342,24.953822861468584
1744079022,400,POST,/create_order,11.000000,11.000000,30000,30000,30000,30000,30000,30000,30000,30000,30000,30000,30000,1340,848,30000.0,24984.16086919176,4563.098661994445,31210.35017700342,24.6
1744079022,400,,Aggregated,11.000000,11.000000,30000,30000,30000,30000,30000,30000,30000,30000,30000,30000,30000,1340,848,30000.0,24984.16086919176,4563.098661994445,31210.35017700342,24.6
1744079023,380,POST,/create_order,11.300000,11.300000,30000,30000,30000,30000,30000,30000,30000,30000,30000,30000,30000,1360,868,30000.0,25060.052157687496,4563.098661994445,31210.35017700342,24.238235294117647
1744079023,380,,Aggregated,11.300000,11.300000,30000,30000,30000,30000,30000,30000,30000,30000,30000,30000,30000,1360,868,30000.0,25060.052157687496,4563.098661994445,31210.35017700342,24.238235294117647
1744079024,360,POST,/create_order,11.600000,11.600000,30000,30000,30000,30000,30000,30000,30000,30000,30000,30000,30000,1380,888,30000.0,25133.77973795147,4563.098661994445,31210.35017700342,23.88695652173913
1744079024,360,,Aggregated,11.600000,11.600000,30000,30000,30000,30000,30000,30000,30000,30000,30000,30000,30000,1380,888,30000.0,25133.77973795147,4563.098661994445,31210.35017700342,23.88695652173913
1744079025,349,POST,/create_order,12.000000,12.000000,30000,30000,30000,30000,30000,30000,30000,30000,30000,30000,30000,1391,899,30000.0,25173.40739952484,4563.098661994445,31210.35017700342,23.6980589503954
1744079025,349,,Aggregated,12.000000,12.000000,30000,30000,30000,30000,30000,30000,30000,30000,30000,30000,30000,1391,899,30000.0,25173.40739952484,4563.098661994445,31210.35017700342,23.6980589503954
1744079026,320,POST,/create_order,13.300000,13.300000,30000,30000,30000,30000,30000,30000,30000,30000,30000,30000,30000,1420,928,30000.0,25274.98125201344,4563.098661994445,31210.35017700342,23.214084507042255
1744079026,320,,Aggregated,13.300000,13.300000,30000,30000,30000,30000,30000,30000,30000,30000,30000,30000,30000,1420,928,30000.0,25274.98125201344,4563.098661994445,31210.35017700342,23.214084507042255
1744079027,300,POST,/create_order,13.500000,13.500000,30000,30000,30000,30000,30000,30000,30000,30000,30000,30000,30000,1440,948,30000.0,25342.609231239647,4563.098661994445,31210.35017700342,22.891666666666666
1744079027,300,,Aggregated,13.500000,13.500000,30000,30000,30000,30000,30000,30000,30000,30000,30000,30000,30000,1440,948,30000.0,25342.609231239647,4563.098661994445,31210.35017700342,22.891666666666666
1744079028,280,POST,/create_order,15.300000,15.300000,30000,30000,30000,30000,30000,30000,30000,30000,30000,30000,30000,1460,968,30000.0,25408.403731963765,4563.098661994445,31210.35017700342,22.578082191780823
1744079028,280,,Aggregated,15.300000,15.300000,30000,30000,30000,30000,30000,30000,30000,30000,30000,30000,30000,1460,968,30000.0,25408.403731963765,4563.098661994445,31210.35017700342,22.578082191780823
1744079029,262,POST,/create_order,16.000000,16.000000,30000,30000,30000,30000,30000,30000,30000,30000,30000,30000,30000,1478,986,30000.0,25466.175026801833,4563.098661994445,31210.35017700342,22.303112313937753
1744079029,262,,Aggregated,16.000000,16.000000,30000,30000,30000,30000,30000,30000,30000,30000,30000,30000,30000,1478,986,30000.0,25466.175026801833,4563.098661994445,31210.35017700342,22.303112313937753
1744079030,240,POST,/create_order,17.000000,17.000000,30000,30000,30000,30000,30000,30000,30000,30000,30000,30000,30000,1500,1008,30000.0,25534.846010642075,4563.098661994445,31210.35017700342,21.976
1744079030,240,,Aggregated,17.000000,17.000000,30000,30000,30000,30000,30000,30000,30000,30000,30000,30000,30000,1500,1008,30000.0,25534.846010642075,4563.098661994445,31210.35017700342,21.976
1744079031,227,POST,/create_order,18.000000,18.000000,30000,30000,30000,30000,30000,30000,30000,30000,30000,30000,30000,1513,1021,30000.0,25574.513419705952,4563.098661994445,31210.35017700342,21.7871777924653
1744079031,227,,Aggregated,18.000000,18.000000,30000,30000,30000,30000,30000,30000,30000,30000,30000,30000,30000,1513,1021,30000.0,25574.513419705952,4563.098661994445,31210.35017700342,21.7871777924653
1744079032,205,POST,/create_order,19.000000,19.000000,30000,30000,30000,30000,30000,30000,30000,30000,30000,30000,30000,1535,1043,30000.0,25640.05286939094,4563.098661994445,31210.35017700342,21.474918566775244
1744079032,205,,Aggregated,19.000000,19.000000,30000,30000,30000,30000,30000,30000,30000,30000,30000,30000,30000,1535,1043,30000.0,25640.05286939094,4563.098661994445,31210.35017700342,21.474918566775244
1744079033,196,POST,/create_order,19.000000,19.000000,30000,30000,30000,30000,30000,30000,30000,30000,30000,30000,30000,1544,1052,30000.0,25666.325942791507,4563.098661994445,31210.35017700342,21.349740932642487
1744079033,196,,Aggregated,19.000000,19.000000,30000,30000,30000,30000,30000,30000,30000,30000,30000,30000,30000,1544,1052,30000.0,25666.325942791507,4563.098661994445,31210.35017700342,21.349740932642487
1744079034,187,POST,/create_order,19.000000,19.000000,30000,30000,30000,30000,30000,30000,30000,30000,30000,30000,30000,1553,1061,30000.0,25692.26974152804,4563.098661994445,31210.35017700342,21.22601416613007
1744079034,187,,Aggregated,19.000000,19.000000,30000,30000,30000,30000,30000,30000,30000,30000,30000,30000,30000,1553,1061,30000.0,25692.26974152804,4563.098661994445,31210.35017700342,21.22601416613007
1744079035,180,POST,/create_order,19.000000,19.000000,30000,30000,30000,30000,30000,30000,30000,30000,30000,30000,30000,1560,1068,30000.0,25712.250392334005,4563.098661994445,31210.35017700342,21.130769230769232
1744079035,180,,Aggregated,19.000000,19.000000,30000,30000,30000,30000,30000,30000,30000,30000,30000,30000,30000,1560,1068,30000.0,25712.250392334005,4563.098661994445,31210.35017700342,21.130769230769232
1744079036,170,POST,/create_order,17.600000,17.600000,30000,30000,30000,30000,30000,30000,30000,30000,30000,30000,30000,1570,1078,30000.0,25740.483031856074,4563.098661994445,31210.35017700342,20.996178343949044
1744079036,170,,Aggregated,17.600000,17.600000,30000,30000,30000,30000,30000,30000,30000,30000,30000,30000,30000,1570,1078,30000.0,25740.483031856074,4563.098661994445,31210.35017700342,20.996178343949044
1744079037,160,POST,/create_order,17.500000,17.500000,30000,30000,30000,30000,30000,30000,30000,30000,30000,30000,30000,1580,1088,30000.0,25768.373521534806,4563.098661994445,31210.35017700342,20.863291139240506
1744079037,160,,Aggregated,17.500000,17.500000,30000,30000,30000,30000,30000,30000,30000,30000,30000,30000,30000,1580,1088,30000.0,25768.373521534806,4563.098661994445,31210.35017700342,20.863291139240506
1744079038,150,POST,/create_order,15.100000,15.100000,30000,30000,30000,30000,30000,30000,30000,30000,30000,30000,30000,1590,1098,30000.0,25795.897534871696,4563.098661994445,31210.35017700342,20.732075471698113
1744079038,150,,Aggregated,15.100000,15.100000,30000,30000,30000,30000,30000,30000,30000,30000,30000,30000,30000,1590,1098,30000.0,25795.897534871696,4563.098661994445,31210.35017700342,20.732075471698113
1744079039,140,POST,/create_order,14.500000,14.500000,30000,30000,30000,30000,30000,30000,30000,30000,30000,30000,30000,1600,1108,30000.0,25823.07026965312,4563.098661994445,31210.35017700342,20.6025
1744079039,140,,Aggregated,14.500000,14.500000,30000,30000,30000,30000,30000,30000,30000,30000,30000,30000,30000,1600,1108,30000.0,25823.07026965312,4563.098661994445,31210.35017700342,20.6025
1744079040,130,POST,/create_order,13.400000,13.400000,30000,30000,30000,30000,30000,30000,30000,30000,30000,30000,30000,1610,1118,30000.0,25849.906946414285,4563.098661994445,31210.35017700342,20.474534161490684
1744079040,130,,Aggregated,13.400000,13.400000,30000,30000,30000,30000,30000,30000,30000,30000,30000,30000,30000,1610,1118,30000.0,25849.906946414285,4563.098661994445,31210.35017700342,20.474534161490684
1744079041,120,POST,/create_order,12.800000,12.800000,30000,30000,30000,30000,30000,30000,30000,30000,30000,30000,30000,1620,1128,30000.0,25876.420635549388,4563.098661994445,31210.35017700342,20.348148148148148
1744079041,120,,Aggregated,12.800000,12.800000,30000,30000,30000,30000,30000,30000,30000,30000,30000,30000,30000,1620,1128,30000.0,25876.420635549388,4563.098661994445,31210.35017700342,20.348148148148148
1744079040,110,POST,/create_order,13.400000,13.400000,30000,30000,30000,30000,30000,30000,30000,30000,30000,30000,30000,1630,1138,30000.0,25902.60136484479,4563.098661994445,31210.35017700342,20.223312883435582
1744079040,110,,Aggregated,13.400000,13.400000,30000,30000,30000,30000,30000,30000,30000,30000,30000,30000,30000,1630,1138,30000.0,25902.60136484479,4563.098661994445,31210.35017700342,20.223312883435582
1744079041,100,POST,/create_order,12.800000,12.800000,30000,30000,30000,30000,30000,30000,30000,30000,30000,30000,30000,1640,1148,30000.0,25928.466933479278,4563.098661994445,31210.35017700342,20.1
1744079041,100,,Aggregated,12.800000,12.800000,30000,30000,30000,30000,30000,30000,30000,30000,30000,30000,30000,1640,1148,30000.0,25928.466933479278,4563.098661994445,31210.35017700342,20.1
1744079042,94,POST,/create_order,11.100000,11.100000,30000,30000,30000,30000,30000,30000,30000,30000,30000,30000,30000,1646,1154,30000.0,25943.827224935616,4563.098661994445,31210.35017700342,20.026731470230864
1744079042,94,,Aggregated,11.100000,11.100000,30000,30000,30000,30000,30000,30000,30000,30000,30000,30000,30000,1646,1154,30000.0,25943.827224935616,4563.098661994445,31210.35017700342,20.026731470230864
1744079043,80,POST,/create_order,10.600000,10.600000,30000,30000,30000,30000,30000,30000,30000,30000,30000,30000,30000,1660,1168,30000.0,25979.24085710002,4563.098661994445,31210.35017700342,19.857831325301206
1744079043,80,,Aggregated,10.600000,10.600000,30000,30000,30000,30000,30000,30000,30000,30000,30000,30000,30000,1660,1168,30000.0,25979.24085710002,4563.098661994445,31210.35017700342,19.857831325301206
1744079044,76,POST,/create_order,10.600000,10.600000,30000,30000,30000,30000,30000,30000,30000,30000,30000,30000,30000,1664,1172,30000.0,25989.25145619955,4563.098661994445,31210.35017700342,19.810096153846153
1744079044,76,,Aggregated,10.600000,10.600000,30000,30000,30000,30000,30000,30000,30000,30000,30000,30000,30000,1664,1172,30000.0,25989.25145619955,4563.098661994445,31210.35017700342,19.810096153846153
1744079045,65,POST,/create_order,10.800000,10.800000,30000,30000,30000,30000,30000,30000,30000,30000,30000,30000,30000,1675,1183,30000.0,26016.5323768299,4563.098661994445,31210.35017700342,19.68
1744079045,65,,Aggregated,10.800000,10.800000,30000,30000,30000,30000,30000,30000,30000,30000,30000,30000,30000,1675,1183,30000.0,26016.5323768299,4563.098661994445,31210.35017700342,19.68
